ContractName,Date,OpenSharePrice,HighSharePrice,LowSharePrice,CloseSharePrice,TradeVolume
DeSantis,9/19/2024 12:00:00 AM,$0.01,$0.01,$0.01,$0.01,18
Trump,9/19/2024 12:00:00 AM,$0.45,$0.46,$0.45,$0.45,26427
Biden,9/19/2024 12:00:00 AM,$0.01,$0.01,$0.01,$0.01,500
Harris,9/19/2024 12:00:00 AM,$0.58,$0.58,$0.57,$0.58,28261
Buttigieg,9/19/2024 12:00:00 AM,$0.01,$0.01,$0.01,$0.01,0
Newsom,9/19/2024 12:00:00 AM,$0.01,$0.01,$0.01,$0.01,921
Ramaswamy,9/19/2024 12:00:00 AM,$0.01,$0.01,$0.01,$0.01,0
Scott,9/19/2024 12:00:00 AM,$0.01,$0.01,$0.01,$0.01,0
RFK Jr.,9/19/2024 12:00:00 AM,$0.01,$0.01,$0.01,$0.01,884
Haley,9/19/2024 12:00:00 AM,$0.01,$0.01,$0.01,$0.01,0
DeSantis,9/20/2024 12:00:00 AM,$0.01,$0.01,$0.01,$0.01,1524
Trump,9/20/2024 12:00:00 AM,$0.45,$0.46,$0.45,$0.45,15431
Biden,9/20/2024 12:00:00 AM,$0.01,$0.01,$0.01,$0.01,0
Harris,9/20/2024 12:00:00 AM,$0.58,$0.58,$0.57,$0.58,23819
Buttigieg,9/20/2024 12:00:00 AM,$0.01,$0.01,$0.01,$0.01,0
Newsom,9/20/2024 12:00:00 AM,$0.01,$0.01,$0.01,$0.01,851
Ramaswamy,9/20/2024 12:00:00 AM,$0.01,$0.01,$0.01,$0.01,0
Scott,9/20/2024 12:00:00 AM,$0.01,$0.01,$0.01,$0.01,0
RFK Jr.,9/20/2024 12:00:00 AM,$0.01,$0.01,$0.01,$0.01,851
Haley,9/20/2024 12:00:00 AM,$0.01,$0.01,$0.01,$0.01,851
DeSantis,9/21/2024 12:00:00 AM,$0.01,$0.01,$0.01,$0.01,0
Trump,9/21/2024 12:00:00 AM,$0.45,$0.46,$0.45,$0.46,12475
Biden,9/21/2024 12:00:00 AM,$0.01,$0.01,$0.01,$0.01,0
Harris,9/21/2024 12:00:00 AM,$0.58,$0.58,$0.57,$0.58,10331
Buttigieg,9/21/2024 12:00:00 AM,$0.01,$0.01,$0.01,$0.01,0
Newsom,9/21/2024 12:00:00 AM,$0.01,$0.01,$0.01,$0.01,0
Ramaswamy,9/21/2024 12:00:00 AM,$0.01,$0.01,$0.01,$0.01,0
Scott,9/21/2024 12:00:00 AM,$0.01,$0.01,$0.01,$0.01,0
RFK Jr.,9/21/2024 12:00:00 AM,$0.01,$0.01,$0.01,$0.01,0
Haley,9/21/2024 12:00:00 AM,$0.01,$0.01,$0.01,$0.01,0
DeSantis,9/22/2024 12:00:00 AM,$0.01,$0.01,$0.01,$0.01,25
Trump,9/22/2024 12:00:00 AM,$0.46,$0.46,$0.45,$0.46,10574
Biden,9/22/2024 12:00:00 AM,$0.01,$0.01,$0.01,$0.01,161
Harris,9/22/2024 12:00:00 AM,$0.58,$0.58,$0.57,$0.57,10958
Buttigieg,9/22/2024 12:00:00 AM,$0.01,$0.01,$0.01,$0.01,0
Newsom,9/22/2024 12:00:00 AM,$0.01,$0.01,$0.01,$0.01,0
Ramaswamy,9/22/2024 12:00:00 AM,$0.01,$0.01,$0.01,$0.01,0
Scott,9/22/2024 12:00:00 AM,$0.01,$0.01,$0.01,$0.01,0
RFK Jr.,9/22/2024 12:00:00 AM,$0.01,$0.01,$0.01,$0.01,0
Haley,9/22/2024 12:00:00 AM,$0.01,$0.01,$0.01,$0.01,0
DeSantis,9/23/2024 12:00:00 AM,$0.01,$0.01,$0.01,$0.01,0
Trump,9/23/2024 12:00:00 AM,$0.46,$0.46,$0.45,$0.46,15465
Biden,9/23/2024 12:00:00 AM,$0.01,$0.01,$0.01,$0.01,0
Harris,9/23/2024 12:00:00 AM,$0.57,$0.59,$0.57,$0.57,25620
Buttigieg,9/23/2024 12:00:00 AM,$0.01,$0.01,$0.01,$0.01,0
Newsom,9/23/2024 12:00:00 AM,$0.01,$0.01,$0.01,$0.01,885
Ramaswamy,9/23/2024 12:00:00 AM,$0.01,$0.01,$0.01,$0.01,0
Scott,9/23/2024 12:00:00 AM,$0.01,$0.01,$0.01,$0.01,0
RFK Jr.,9/23/2024 12:00:00 AM,$0.01,$0.01,$0.01,$0.01,867
Haley,9/23/2024 12:00:00 AM,$0.01,$0.01,$0.01,$0.01,859
DeSantis,9/24/2024 12:00:00 AM,$0.01,$0.01,$0.01,$0.01,100
Trump,9/24/2024 12:00:00 AM,$0.46,$0.47,$0.45,$0.46,22398
Biden,9/24/2024 12:00:00 AM,$0.01,$0.01,$0.01,$0.01,300
Harris,9/24/2024 12:00:00 AM,$0.57,$0.58,$0.57,$0.57,12550
Buttigieg,9/24/2024 12:00:00 AM,$0.01,$0.01,$0.01,$0.01,1908
Newsom,9/24/2024 12:00:00 AM,$0.01,$0.01,$0.01,$0.01,200
Ramaswamy,9/24/2024 12:00:00 AM,$0.01,$0.01,$0.01,$0.01,0
Scott,9/24/2024 12:00:00 AM,$0.01,$0.01,$0.01,$0.01,0
RFK Jr.,9/24/2024 12:00:00 AM,$0.01,$0.01,$0.01,$0.01,0
Haley,9/24/2024 12:00:00 AM,$0.01,$0.01,$0.01,$0.01,0
DeSantis,9/25/2024 12:00:00 AM,$0.01,$0.01,$0.01,$0.01,0
Trump,9/25/2024 12:00:00 AM,$0.46,$0.47,$0.46,$0.46,14717
Biden,9/25/2024 12:00:00 AM,$0.01,$0.01,$0.01,$0.01,0
Harris,9/25/2024 12:00:00 AM,$0.57,$0.58,$0.56,$0.58,24372
Buttigieg,9/25/2024 12:00:00 AM,$0.01,$0.01,$0.01,$0.01,0
Newsom,9/25/2024 12:00:00 AM,$0.01,$0.01,$0.01,$0.01,425
Ramaswamy,9/25/2024 12:00:00 AM,$0.01,$0.01,$0.01,$0.01,0
Scott,9/25/2024 12:00:00 AM,$0.01,$0.01,$0.01,$0.01,0
RFK Jr.,9/25/2024 12:00:00 AM,$0.01,$0.01,$0.01,$0.01,375
Haley,9/25/2024 12:00:00 AM,$0.01,$0.01,$0.01,$0.01,0
DeSantis,9/26/2024 12:00:00 AM,$0.01,$0.01,$0.01,$0.01,0
Trump,9/26/2024 12:00:00 AM,$0.46,$0.48,$0.46,$0.47,28871
Biden,9/26/2024 12:00:00 AM,$0.01,$0.01,$0.01,$0.01,1062
Harris,9/26/2024 12:00:00 AM,$0.58,$0.58,$0.56,$0.56,21281
Buttigieg,9/26/2024 12:00:00 AM,$0.01,$0.01,$0.01,$0.01,1
Newsom,9/26/2024 12:00:00 AM,$0.01,$0.01,$0.01,$0.01,0
Ramaswamy,9/26/2024 12:00:00 AM,$0.01,$0.01,$0.01,$0.01,0
Scott,9/26/2024 12:00:00 AM,$0.01,$0.01,$0.01,$0.01,0
RFK Jr.,9/26/2024 12:00:00 AM,$0.01,$0.01,$0.01,$0.01,904
Haley,9/26/2024 12:00:00 AM,$0.01,$0.01,$0.01,$0.01,1
DeSantis,9/27/2024 12:00:00 AM,$0.01,$0.01,$0.01,$0.01,1
Trump,9/27/2024 12:00:00 AM,$0.47,$0.48,$0.47,$0.48,24835
Biden,9/27/2024 12:00:00 AM,$0.01,$0.01,$0.01,$0.01,0
Harris,9/27/2024 12:00:00 AM,$0.56,$0.57,$0.56,$0.56,18499
Buttigieg,9/27/2024 12:00:00 AM,$0.01,$0.01,$0.01,$0.01,0
Newsom,9/27/2024 12:00:00 AM,$0.01,$0.01,$0.01,$0.01,64
Ramaswamy,9/27/2024 12:00:00 AM,$0.01,$0.01,$0.01,$0.01,0
Scott,9/27/2024 12:00:00 AM,$0.01,$0.01,$0.01,$0.01,0
RFK Jr.,9/27/2024 12:00:00 AM,$0.01,$0.01,$0.01,$0.01,0
Haley,9/27/2024 12:00:00 AM,$0.01,$0.01,$0.01,$0.01,0
DeSantis,9/28/2024 12:00:00 AM,$0.01,$0.01,$0.01,$0.01,0
Trump,9/28/2024 12:00:00 AM,$0.48,$0.48,$0.47,$0.48,12620
Biden,9/28/2024 12:00:00 AM,$0.01,$0.01,$0.01,$0.01,103
Harris,9/28/2024 12:00:00 AM,$0.56,$0.57,$0.56,$0.56,10288
Buttigieg,9/28/2024 12:00:00 AM,$0.01,$0.01,$0.01,$0.01,0
Newsom,9/28/2024 12:00:00 AM,$0.01,$0.01,$0.01,$0.01,0
Ramaswamy,9/28/2024 12:00:00 AM,$0.01,$0.01,$0.01,$0.01,0
Scott,9/28/2024 12:00:00 AM,$0.01,$0.01,$0.01,$0.01,0
RFK Jr.,9/28/2024 12:00:00 AM,$0.01,$0.01,$0.01,$0.01,500
Haley,9/28/2024 12:00:00 AM,$0.01,$0.01,$0.01,$0.01,30
DeSantis,9/29/2024 12:00:00 AM,$0.01,$0.01,$0.01,$0.01,0
Trump,9/29/2024 12:00:00 AM,$0.48,$0.49,$0.47,$0.49,20175
Biden,9/29/2024 12:00:00 AM,$0.01,$0.01,$0.01,$0.01,0
Harris,9/29/2024 12:00:00 AM,$0.56,$0.57,$0.56,$0.56,15255
Buttigieg,9/29/2024 12:00:00 AM,$0.01,$0.01,$0.01,$0.01,0
Newsom,9/29/2024 12:00:00 AM,$0.01,$0.01,$0.01,$0.01,0
Ramaswamy,9/29/2024 12:00:00 AM,$0.01,$0.01,$0.01,$0.01,0
Scott,9/29/2024 12:00:00 AM,$0.01,$0.01,$0.01,$0.01,0
RFK Jr.,9/29/2024 12:00:00 AM,$0.01,$0.01,$0.01,$0.01,15
Haley,9/29/2024 12:00:00 AM,$0.01,$0.01,$0.01,$0.01,0
DeSantis,9/30/2024 12:00:00 AM,$0.01,$0.01,$0.01,$0.01,1716
Trump,9/30/2024 12:00:00 AM,$0.49,$0.49,$0.47,$0.49,13795
Biden,9/30/2024 12:00:00 AM,$0.01,$0.01,$0.01,$0.01,2216
Harris,9/30/2024 12:00:00 AM,$0.56,$0.57,$0.55,$0.55,10001
Buttigieg,9/30/2024 12:00:00 AM,$0.01,$0.01,$0.01,$0.01,1716
Newsom,9/30/2024 12:00:00 AM,$0.01,$0.01,$0.01,$0.01,1865
Ramaswamy,9/30/2024 12:00:00 AM,$0.01,$0.01,$0.01,$0.01,0
Scott,9/30/2024 12:00:00 AM,$0.01,$0.01,$0.01,$0.01,0
RFK Jr.,9/30/2024 12:00:00 AM,$0.01,$0.01,$0.01,$0.01,2306
Haley,9/30/2024 12:00:00 AM,$0.01,$0.01,$0.01,$0.01,1752
DeSantis,10/1/2024 12:00:00 AM,$0.01,$0.01,$0.01,$0.01,0
Trump,10/1/2024 12:00:00 AM,$0.49,$0.49,$0.47,$0.48,23626
Biden,10/1/2024 12:00:00 AM,$0.01,$0.01,$0.01,$0.01,305
Harris,10/1/2024 12:00:00 AM,$0.55,$0.57,$0.55,$0.55,28911
Buttigieg,10/1/2024 12:00:00 AM,$0.01,$0.01,$0.01,$0.01,0
Newsom,10/1/2024 12:00:00 AM,$0.01,$0.01,$0.01,$0.01,26
Ramaswamy,10/1/2024 12:00:00 AM,$0.01,$0.01,$0.01,$0.01,0
Scott,10/1/2024 12:00:00 AM,$0.01,$0.01,$0.01,$0.01,0
RFK Jr.,10/1/2024 12:00:00 AM,$0.01,$0.01,$0.01,$0.01,106
Haley,10/1/2024 12:00:00 AM,$0.01,$0.01,$0.01,$0.01,0
DeSantis,10/2/2024 12:00:00 AM,$0.01,$0.01,$0.01,$0.01,34
Trump,10/2/2024 12:00:00 AM,$0.48,$0.49,$0.48,$0.49,24186
Biden,10/2/2024 12:00:00 AM,$0.01,$0.01,$0.01,$0.01,1860
Harris,10/2/2024 12:00:00 AM,$0.55,$0.56,$0.54,$0.54,26713
Buttigieg,10/2/2024 12:00:00 AM,$0.01,$0.01,$0.01,$0.01,26
Newsom,10/2/2024 12:00:00 AM,$0.01,$0.01,$0.01,$0.01,149
Ramaswamy,10/2/2024 12:00:00 AM,$0.01,$0.01,$0.01,$0.01,25
Scott,10/2/2024 12:00:00 AM,$0.01,$0.01,$0.01,$0.01,0
RFK Jr.,10/2/2024 12:00:00 AM,$0.01,$0.01,$0.01,$0.01,215
Haley,10/2/2024 12:00:00 AM,$0.01,$0.01,$0.01,$0.01,1085
DeSantis,10/3/2024 12:00:00 AM,$0.01,$0.01,$0.01,$0.01,0
Trump,10/3/2024 12:00:00 AM,$0.49,$0.49,$0.48,$0.49,13889
Biden,10/3/2024 12:00:00 AM,$0.01,$0.01,$0.01,$0.01,100
Harris,10/3/2024 12:00:00 AM,$0.54,$0.56,$0.54,$0.55,27630
Buttigieg,10/3/2024 12:00:00 AM,$0.01,$0.01,$0.01,$0.01,0
Newsom,10/3/2024 12:00:00 AM,$0.01,$0.01,$0.01,$0.01,0
Ramaswamy,10/3/2024 12:00:00 AM,$0.01,$0.01,$0.01,$0.01,0
Scott,10/3/2024 12:00:00 AM,$0.01,$0.01,$0.01,$0.01,0
RFK Jr.,10/3/2024 12:00:00 AM,$0.01,$0.01,$0.01,$0.01,0
Haley,10/3/2024 12:00:00 AM,$0.01,$0.01,$0.01,$0.01,0
DeSantis,10/4/2024 12:00:00 AM,$0.01,$0.01,$0.01,$0.01,0
Trump,10/4/2024 12:00:00 AM,$0.49,$0.49,$0.48,$0.49,24065
Biden,10/4/2024 12:00:00 AM,$0.01,$0.01,$0.01,$0.01,2867
Harris,10/4/2024 12:00:00 AM,$0.55,$0.56,$0.54,$0.54,25652
Buttigieg,10/4/2024 12:00:00 AM,$0.01,$0.01,$0.01,$0.01,863
Newsom,10/4/2024 12:00:00 AM,$0.01,$0.01,$0.01,$0.01,1788
Ramaswamy,10/4/2024 12:00:00 AM,$0.01,$0.01,$0.01,$0.01,0
Scott,10/4/2024 12:00:00 AM,$0.01,$0.01,$0.01,$0.01,0
RFK Jr.,10/4/2024 12:00:00 AM,$0.01,$0.01,$0.01,$0.01,1798
Haley,10/4/2024 12:00:00 AM,$0.01,$0.01,$0.01,$0.01,923
DeSantis,10/5/2024 12:00:00 AM,$0.01,$0.01,$0.01,$0.01,17
Trump,10/5/2024 12:00:00 AM,$0.49,$0.50,$0.48,$0.50,22147
Biden,10/5/2024 12:00:00 AM,$0.01,$0.01,$0.01,$0.01,10
Harris,10/5/2024 12:00:00 AM,$0.54,$0.55,$0.54,$0.54,17928
Buttigieg,10/5/2024 12:00:00 AM,$0.01,$0.01,$0.01,$0.01,0
Newsom,10/5/2024 12:00:00 AM,$0.01,$0.01,$0.01,$0.01,0
Ramaswamy,10/5/2024 12:00:00 AM,$0.01,$0.01,$0.01,$0.01,0
Scott,10/5/2024 12:00:00 AM,$0.01,$0.01,$0.01,$0.01,0
RFK Jr.,10/5/2024 12:00:00 AM,$0.01,$0.01,$0.01,$0.01,688
Haley,10/5/2024 12:00:00 AM,$0.01,$0.01,$0.01,$0.01,835
DeSantis,10/6/2024 12:00:00 AM,$0.01,$0.01,$0.01,$0.01,100
Trump,10/6/2024 12:00:00 AM,$0.50,$0.51,$0.49,$0.51,38600
Biden,10/6/2024 12:00:00 AM,$0.01,$0.01,$0.01,$0.01,0
Harris,10/6/2024 12:00:00 AM,$0.54,$0.55,$0.53,$0.53,30525
Buttigieg,10/6/2024 12:00:00 AM,$0.01,$0.01,$0.01,$0.01,0
Newsom,10/6/2024 12:00:00 AM,$0.01,$0.01,$0.01,$0.01,0
Ramaswamy,10/6/2024 12:00:00 AM,$0.01,$0.01,$0.01,$0.01,0
Scott,10/6/2024 12:00:00 AM,$0.01,$0.01,$0.01,$0.01,0
RFK Jr.,10/6/2024 12:00:00 AM,$0.01,$0.01,$0.01,$0.01,0
Haley,10/6/2024 12:00:00 AM,$0.01,$0.01,$0.01,$0.01,0
DeSantis,10/7/2024 12:00:00 AM,$0.01,$0.01,$0.01,$0.01,16
Trump,10/7/2024 12:00:00 AM,$0.51,$0.52,$0.50,$0.51,47063
Biden,10/7/2024 12:00:00 AM,$0.01,$0.01,$0.01,$0.01,450
Harris,10/7/2024 12:00:00 AM,$0.53,$0.54,$0.52,$0.52,47502
Buttigieg,10/7/2024 12:00:00 AM,$0.01,$0.01,$0.01,$0.01,0
Newsom,10/7/2024 12:00:00 AM,$0.01,$0.01,$0.01,$0.01,0
Ramaswamy,10/7/2024 12:00:00 AM,$0.01,$0.01,$0.01,$0.01,0
Scott,10/7/2024 12:00:00 AM,$0.01,$0.01,$0.01,$0.01,0
RFK Jr.,10/7/2024 12:00:00 AM,$0.01,$0.01,$0.01,$0.01,0
Haley,10/7/2024 12:00:00 AM,$0.01,$0.01,$0.01,$0.01,0
DeSantis,10/8/2024 12:00:00 AM,$0.01,$0.01,$0.01,$0.01,1
Trump,10/8/2024 12:00:00 AM,$0.51,$0.52,$0.50,$0.50,40806
Biden,10/8/2024 12:00:00 AM,$0.01,$0.01,$0.01,$0.01,85003
Harris,10/8/2024 12:00:00 AM,$0.52,$0.53,$0.52,$0.52,22656
Buttigieg,10/8/2024 12:00:00 AM,$0.01,$0.01,$0.01,$0.01,0
Newsom,10/8/2024 12:00:00 AM,$0.01,$0.01,$0.01,$0.01,9001
Ramaswamy,10/8/2024 12:00:00 AM,$0.01,$0.01,$0.01,$0.01,0
Scott,10/8/2024 12:00:00 AM,$0.01,$0.01,$0.01,$0.01,0
RFK Jr.,10/8/2024 12:00:00 AM,$0.01,$0.01,$0.01,$0.01,219
Haley,10/8/2024 12:00:00 AM,$0.01,$0.01,$0.01,$0.01,151
DeSantis,10/9/2024 12:00:00 AM,$0.01,$0.01,$0.01,$0.01,0
Trump,10/9/2024 12:00:00 AM,$0.50,$0.52,$0.50,$0.52,64315
Biden,10/9/2024 12:00:00 AM,$0.01,$0.01,$0.01,$0.01,1601
Harris,10/9/2024 12:00:00 AM,$0.52,$0.53,$0.52,$0.52,44099
Buttigieg,10/9/2024 12:00:00 AM,$0.01,$0.01,$0.01,$0.01,0
Newsom,10/9/2024 12:00:00 AM,$0.01,$0.01,$0.01,$0.01,11050
Ramaswamy,10/9/2024 12:00:00 AM,$0.01,$0.01,$0.01,$0.01,0
Scott,10/9/2024 12:00:00 AM,$0.01,$0.01,$0.01,$0.01,0
RFK Jr.,10/9/2024 12:00:00 AM,$0.01,$0.01,$0.01,$0.01,0
Haley,10/9/2024 12:00:00 AM,$0.01,$0.01,$0.01,$0.01,0
DeSantis,10/10/2024 12:00:00 AM,$0.01,$0.01,$0.01,$0.01,1180
Trump,10/10/2024 12:00:00 AM,$0.52,$0.55,$0.51,$0.54,60307
Biden,10/10/2024 12:00:00 AM,$0.01,$0.01,$0.01,$0.01,1168
Harris,10/10/2024 12:00:00 AM,$0.52,$0.53,$0.50,$0.50,62556
Buttigieg,10/10/2024 12:00:00 AM,$0.01,$0.01,$0.01,$0.01,0
Newsom,10/10/2024 12:00:00 AM,$0.01,$0.01,$0.01,$0.01,19633
Ramaswamy,10/10/2024 12:00:00 AM,$0.01,$0.01,$0.01,$0.01,0
Scott,10/10/2024 12:00:00 AM,$0.01,$0.01,$0.01,$0.01,0
RFK Jr.,10/10/2024 12:00:00 AM,$0.01,$0.01,$0.01,$0.01,33
Haley,10/10/2024 12:00:00 AM,$0.01,$0.01,$0.01,$0.01,0
DeSantis,10/11/2024 12:00:00 AM,$0.01,$0.01,$0.01,$0.01,41
Trump,10/11/2024 12:00:00 AM,$0.54,$0.55,$0.53,$0.55,73211
Biden,10/11/2024 12:00:00 AM,$0.01,$0.01,$0.01,$0.01,1683
Harris,10/11/2024 12:00:00 AM,$0.50,$0.52,$0.49,$0.49,56459
Buttigieg,10/11/2024 12:00:00 AM,$0.01,$0.01,$0.01,$0.01,0
Newsom,10/11/2024 12:00:00 AM,$0.01,$0.01,$0.01,$0.01,1230
Ramaswamy,10/11/2024 12:00:00 AM,$0.01,$0.01,$0.01,$0.01,1
Scott,10/11/2024 12:00:00 AM,$0.01,$0.01,$0.01,$0.01,0
RFK Jr.,10/11/2024 12:00:00 AM,$0.01,$0.01,$0.01,$0.01,592
Haley,10/11/2024 12:00:00 AM,$0.01,$0.01,$0.01,$0.01,0
DeSantis,10/12/2024 12:00:00 AM,$0.01,$0.01,$0.01,$0.01,100
Trump,10/12/2024 12:00:00 AM,$0.55,$0.55,$0.54,$0.55,54026
Biden,10/12/2024 12:00:00 AM,$0.01,$0.01,$0.01,$0.01,1484
Harris,10/12/2024 12:00:00 AM,$0.49,$0.50,$0.48,$0.49,35769
Buttigieg,10/12/2024 12:00:00 AM,$0.01,$0.01,$0.01,$0.01,0
Newsom,10/12/2024 12:00:00 AM,$0.01,$0.01,$0.01,$0.01,0
Ramaswamy,10/12/2024 12:00:00 AM,$0.01,$0.01,$0.01,$0.01,0
Scott,10/12/2024 12:00:00 AM,$0.01,$0.01,$0.01,$0.01,100
RFK Jr.,10/12/2024 12:00:00 AM,$0.01,$0.01,$0.01,$0.01,886
Haley,10/12/2024 12:00:00 AM,$0.01,$0.01,$0.01,$0.01,0
DeSantis,10/13/2024 12:00:00 AM,$0.01,$0.01,$0.01,$0.01,1
Trump,10/13/2024 12:00:00 AM,$0.55,$0.55,$0.53,$0.53,30250
Biden,10/13/2024 12:00:00 AM,$0.01,$0.01,$0.01,$0.01,300
Harris,10/13/2024 12:00:00 AM,$0.49,$0.50,$0.49,$0.49,23128
Buttigieg,10/13/2024 12:00:00 AM,$0.01,$0.01,$0.01,$0.01,0
Newsom,10/13/2024 12:00:00 AM,$0.01,$0.02,$0.01,$0.01,864
Ramaswamy,10/13/2024 12:00:00 AM,$0.01,$0.01,$0.01,$0.01,0
Scott,10/13/2024 12:00:00 AM,$0.01,$0.01,$0.01,$0.01,0
RFK Jr.,10/13/2024 12:00:00 AM,$0.01,$0.01,$0.01,$0.01,9
Haley,10/13/2024 12:00:00 AM,$0.01,$0.01,$0.01,$0.01,25
DeSantis,10/14/2024 12:00:00 AM,$0.01,$0.01,$0.01,$0.01,0
Trump,10/14/2024 12:00:00 AM,$0.53,$0.54,$0.53,$0.54,33944
Biden,10/14/2024 12:00:00 AM,$0.01,$0.01,$0.01,$0.01,746
Harris,10/14/2024 12:00:00 AM,$0.49,$0.50,$0.48,$0.49,44226
Buttigieg,10/14/2024 12:00:00 AM,$0.01,$0.01,$0.01,$0.01,0
Newsom,10/14/2024 12:00:00 AM,$0.01,$0.01,$0.01,$0.01,26
Ramaswamy,10/14/2024 12:00:00 AM,$0.01,$0.01,$0.01,$0.01,0
Scott,10/14/2024 12:00:00 AM,$0.01,$0.01,$0.01,$0.01,0
RFK Jr.,10/14/2024 12:00:00 AM,$0.01,$0.01,$0.01,$0.01,0
Haley,10/14/2024 12:00:00 AM,$0.01,$0.01,$0.01,$0.01,25
DeSantis,10/15/2024 12:00:00 AM,$0.01,$0.01,$0.01,$0.01,0
Trump,10/15/2024 12:00:00 AM,$0.54,$0.55,$0.53,$0.54,72172
Biden,10/15/2024 12:00:00 AM,$0.01,$0.01,$0.01,$0.01,1537
Harris,10/15/2024 12:00:00 AM,$0.49,$0.51,$0.49,$0.50,63994
Buttigieg,10/15/2024 12:00:00 AM,$0.01,$0.01,$0.01,$0.01,1
Newsom,10/15/2024 12:00:00 AM,$0.01,$0.01,$0.01,$0.01,0
Ramaswamy,10/15/2024 12:00:00 AM,$0.01,$0.01,$0.01,$0.01,0
Scott,10/15/2024 12:00:00 AM,$0.01,$0.01,$0.01,$0.01,0
RFK Jr.,10/15/2024 12:00:00 AM,$0.01,$0.01,$0.01,$0.01,26
Haley,10/15/2024 12:00:00 AM,$0.01,$0.01,$0.01,$0.01,25
DeSantis,10/16/2024 12:00:00 AM,$0.01,$0.01,$0.01,$0.01,965
Trump,10/16/2024 12:00:00 AM,$0.54,$0.55,$0.53,$0.54,95434
Biden,10/16/2024 12:00:00 AM,$0.01,$0.01,$0.01,$0.01,1159
Harris,10/16/2024 12:00:00 AM,$0.50,$0.51,$0.49,$0.49,68288
Buttigieg,10/16/2024 12:00:00 AM,$0.01,$0.01,$0.01,$0.01,1024
Newsom,10/16/2024 12:00:00 AM,$0.01,$0.01,$0.01,$0.01,2877
Ramaswamy,10/16/2024 12:00:00 AM,$0.01,$0.01,$0.01,$0.01,0
Scott,10/16/2024 12:00:00 AM,$0.01,$0.01,$0.01,$0.01,1
RFK Jr.,10/16/2024 12:00:00 AM,$0.01,$0.01,$0.01,$0.01,1812
Haley,10/16/2024 12:00:00 AM,$0.01,$0.01,$0.01,$0.01,1088
DeSantis,10/17/2024 12:00:00 AM,$0.01,$0.01,$0.01,$0.01,161
Trump,10/17/2024 12:00:00 AM,$0.54,$0.57,$0.53,$0.55,93807
Biden,10/17/2024 12:00:00 AM,$0.01,$0.01,$0.01,$0.01,0
Harris,10/17/2024 12:00:00 AM,$0.49,$0.50,$0.46,$0.48,107180
Buttigieg,10/17/2024 12:00:00 AM,$0.01,$0.01,$0.01,$0.01,0
Newsom,10/17/2024 12:00:00 AM,$0.01,$0.02,$0.01,$0.02,10378
Ramaswamy,10/17/2024 12:00:00 AM,$0.01,$0.01,$0.01,$0.01,0
Scott,10/17/2024 12:00:00 AM,$0.01,$0.01,$0.01,$0.01,0
RFK Jr.,10/17/2024 12:00:00 AM,$0.01,$0.01,$0.01,$0.01,1046
Haley,10/17/2024 12:00:00 AM,$0.01,$0.01,$0.01,$0.01,150
DeSantis,10/18/2024 12:00:00 AM,$0.01,$0.01,$0.01,$0.01,2
Trump,10/18/2024 12:00:00 AM,$0.55,$0.56,$0.55,$0.55,73382
Biden,10/18/2024 12:00:00 AM,$0.01,$0.01,$0.01,$0.01,775
Harris,10/18/2024 12:00:00 AM,$0.48,$0.49,$0.47,$0.48,65491
Buttigieg,10/18/2024 12:00:00 AM,$0.01,$0.01,$0.01,$0.01,6
Newsom,10/18/2024 12:00:00 AM,$0.02,$0.02,$0.01,$0.01,4156
Ramaswamy,10/18/2024 12:00:00 AM,$0.01,$0.01,$0.01,$0.01,1
Scott,10/18/2024 12:00:00 AM,$0.01,$0.01,$0.01,$0.01,1
RFK Jr.,10/18/2024 12:00:00 AM,$0.01,$0.01,$0.01,$0.01,101
Haley,10/18/2024 12:00:00 AM,$0.01,$0.01,$0.01,$0.01,1
DeSantis,10/19/2024 12:00:00 AM,$0.01,$0.01,$0.01,$0.01,0
Trump,10/19/2024 12:00:00 AM,$0.55,$0.56,$0.55,$0.55,33092
Biden,10/19/2024 12:00:00 AM,$0.01,$0.01,$0.01,$0.01,0
Harris,10/19/2024 12:00:00 AM,$0.48,$0.50,$0.48,$0.48,37540
Buttigieg,10/19/2024 12:00:00 AM,$0.01,$0.01,$0.01,$0.01,0
Newsom,10/19/2024 12:00:00 AM,$0.01,$0.02,$0.01,$0.01,2445
Ramaswamy,10/19/2024 12:00:00 AM,$0.01,$0.01,$0.01,$0.01,1
Scott,10/19/2024 12:00:00 AM,$0.01,$0.01,$0.01,$0.01,1
RFK Jr.,10/19/2024 12:00:00 AM,$0.01,$0.01,$0.01,$0.01,0
Haley,10/19/2024 12:00:00 AM,$0.01,$0.01,$0.01,$0.01,0
DeSantis,10/20/2024 12:00:00 AM,$0.01,$0.01,$0.01,$0.01,500
Trump,10/20/2024 12:00:00 AM,$0.55,$0.56,$0.55,$0.56,47327
Biden,10/20/2024 12:00:00 AM,$0.01,$0.01,$0.01,$0.01,21
Harris,10/20/2024 12:00:00 AM,$0.48,$0.49,$0.48,$0.49,38756
Buttigieg,10/20/2024 12:00:00 AM,$0.01,$0.01,$0.01,$0.01,0
Newsom,10/20/2024 12:00:00 AM,$0.01,$0.01,$0.01,$0.01,20
Ramaswamy,10/20/2024 12:00:00 AM,$0.01,$0.01,$0.01,$0.01,0
Scott,10/20/2024 12:00:00 AM,$0.01,$0.01,$0.01,$0.01,250
RFK Jr.,10/20/2024 12:00:00 AM,$0.01,$0.01,$0.01,$0.01,125
Haley,10/20/2024 12:00:00 AM,$0.01,$0.01,$0.01,$0.01,500
DeSantis,10/21/2024 12:00:00 AM,$0.01,$0.01,$0.01,$0.01,2846
Trump,10/21/2024 12:00:00 AM,$0.56,$0.59,$0.55,$0.58,100371
Biden,10/21/2024 12:00:00 AM,$0.01,$0.01,$0.01,$0.01,2517
Harris,10/21/2024 12:00:00 AM,$0.49,$0.49,$0.45,$0.45,66502
Buttigieg,10/21/2024 12:00:00 AM,$0.01,$0.01,$0.01,$0.01,858
Newsom,10/21/2024 12:00:00 AM,$0.01,$0.02,$0.01,$0.01,2449
Ramaswamy,10/21/2024 12:00:00 AM,$0.01,$0.01,$0.01,$0.01,967
Scott,10/21/2024 12:00:00 AM,$0.01,$0.01,$0.01,$0.01,1
RFK Jr.,10/21/2024 12:00:00 AM,$0.01,$0.01,$0.01,$0.01,1076
Haley,10/21/2024 12:00:00 AM,$0.01,$0.01,$0.01,$0.01,2
DeSantis,10/22/2024 12:00:00 AM,$0.01,$0.01,$0.01,$0.01,180
Trump,10/22/2024 12:00:00 AM,$0.58,$0.60,$0.57,$0.59,130830
Biden,10/22/2024 12:00:00 AM,$0.01,$0.01,$0.01,$0.01,2479
Harris,10/22/2024 12:00:00 AM,$0.45,$0.46,$0.44,$0.44,120581
Buttigieg,10/22/2024 12:00:00 AM,$0.01,$0.01,$0.01,$0.01,0
Newsom,10/22/2024 12:00:00 AM,$0.01,$0.01,$0.01,$0.01,247
Ramaswamy,10/22/2024 12:00:00 AM,$0.01,$0.01,$0.01,$0.01,0
Scott,10/22/2024 12:00:00 AM,$0.01,$0.01,$0.01,$0.01,0
RFK Jr.,10/22/2024 12:00:00 AM,$0.01,$0.01,$0.01,$0.01,868
Haley,10/22/2024 12:00:00 AM,$0.01,$0.01,$0.01,$0.01,0
DeSantis,10/23/2024 12:00:00 AM,$0.01,$0.01,$0.01,$0.01,4
Trump,10/23/2024 12:00:00 AM,$0.59,$0.61,$0.56,$0.58,137488
Biden,10/23/2024 12:00:00 AM,$0.01,$0.01,$0.01,$0.01,43977
Harris,10/23/2024 12:00:00 AM,$0.44,$0.49,$0.41,$0.48,144731
Buttigieg,10/23/2024 12:00:00 AM,$0.01,$0.01,$0.01,$0.01,0
Newsom,10/23/2024 12:00:00 AM,$0.01,$0.02,$0.01,$0.02,2797
Ramaswamy,10/23/2024 12:00:00 AM,$0.01,$0.01,$0.01,$0.01,0
Scott,10/23/2024 12:00:00 AM,$0.01,$0.01,$0.01,$0.01,0
RFK Jr.,10/23/2024 12:00:00 AM,$0.01,$0.01,$0.01,$0.01,11728
Haley,10/23/2024 12:00:00 AM,$0.01,$0.01,$0.01,$0.01,1716
DeSantis,10/24/2024 12:00:00 AM,$0.01,$0.01,$0.01,$0.01,0
Trump,10/24/2024 12:00:00 AM,$0.58,$0.60,$0.57,$0.58,104747
Biden,10/24/2024 12:00:00 AM,$0.01,$0.01,$0.01,$0.01,479
Harris,10/24/2024 12:00:00 AM,$0.48,$0.48,$0.43,$0.44,95632
Buttigieg,10/24/2024 12:00:00 AM,$0.01,$0.01,$0.01,$0.01,0
Newsom,10/24/2024 12:00:00 AM,$0.02,$0.02,$0.01,$0.01,314
Ramaswamy,10/24/2024 12:00:00 AM,$0.01,$0.01,$0.01,$0.01,0
Scott,10/24/2024 12:00:00 AM,$0.01,$0.01,$0.01,$0.01,0
RFK Jr.,10/24/2024 12:00:00 AM,$0.01,$0.01,$0.01,$0.01,1
Haley,10/24/2024 12:00:00 AM,$0.01,$0.01,$0.01,$0.01,0
DeSantis,10/25/2024 12:00:00 AM,$0.01,$0.01,$0.01,$0.01,859
Trump,10/25/2024 12:00:00 AM,$0.58,$0.62,$0.58,$0.62,91257
Biden,10/25/2024 12:00:00 AM,$0.01,$0.01,$0.01,$0.01,1046
Harris,10/25/2024 12:00:00 AM,$0.44,$0.45,$0.42,$0.44,101347
Buttigieg,10/25/2024 12:00:00 AM,$0.01,$0.01,$0.01,$0.01,868
Newsom,10/25/2024 12:00:00 AM,$0.01,$0.01,$0.01,$0.01,906
Ramaswamy,10/25/2024 12:00:00 AM,$0.01,$0.01,$0.01,$0.01,914
Scott,10/25/2024 12:00:00 AM,$0.01,$0.01,$0.01,$0.01,859
RFK Jr.,10/25/2024 12:00:00 AM,$0.01,$0.01,$0.01,$0.01,869
Haley,10/25/2024 12:00:00 AM,$0.01,$0.01,$0.01,$0.01,914
DeSantis,10/26/2024 12:00:00 AM,$0.01,$0.01,$0.01,$0.01,3
Trump,10/26/2024 12:00:00 AM,$0.62,$0.62,$0.60,$0.62,72497
Biden,10/26/2024 12:00:00 AM,$0.01,$0.01,$0.01,$0.01,1486
Harris,10/26/2024 12:00:00 AM,$0.44,$0.44,$0.42,$0.43,56061
Buttigieg,10/26/2024 12:00:00 AM,$0.01,$0.01,$0.01,$0.01,1
Newsom,10/26/2024 12:00:00 AM,$0.01,$0.01,$0.01,$0.01,1
Ramaswamy,10/26/2024 12:00:00 AM,$0.01,$0.01,$0.01,$0.01,0
Scott,10/26/2024 12:00:00 AM,$0.01,$0.01,$0.01,$0.01,0
RFK Jr.,10/26/2024 12:00:00 AM,$0.01,$0.01,$0.01,$0.01,74
Haley,10/26/2024 12:00:00 AM,$0.01,$0.01,$0.01,$0.01,0
DeSantis,10/27/2024 12:00:00 AM,$0.01,$0.01,$0.01,$0.01,0
Trump,10/27/2024 12:00:00 AM,$0.62,$0.63,$0.60,$0.61,84663
Biden,10/27/2024 12:00:00 AM,$0.01,$0.01,$0.01,$0.01,983
Harris,10/27/2024 12:00:00 AM,$0.43,$0.44,$0.42,$0.42,58446
Buttigieg,10/27/2024 12:00:00 AM,$0.01,$0.01,$0.01,$0.01,0
Newsom,10/27/2024 12:00:00 AM,$0.01,$0.01,$0.01,$0.01,276
Ramaswamy,10/27/2024 12:00:00 AM,$0.01,$0.01,$0.01,$0.01,0
Scott,10/27/2024 12:00:00 AM,$0.01,$0.01,$0.01,$0.01,0
RFK Jr.,10/27/2024 12:00:00 AM,$0.01,$0.01,$0.01,$0.01,913
Haley,10/27/2024 12:00:00 AM,$0.01,$0.01,$0.01,$0.01,858
DeSantis,10/28/2024 12:00:00 AM,$0.01,$0.01,$0.01,$0.01,1
Trump,10/28/2024 12:00:00 AM,$0.61,$0.61,$0.59,$0.59,116465
Biden,10/28/2024 12:00:00 AM,$0.01,$0.01,$0.01,$0.01,155
Harris,10/28/2024 12:00:00 AM,$0.42,$0.47,$0.42,$0.45,130434
Buttigieg,10/28/2024 12:00:00 AM,$0.01,$0.01,$0.01,$0.01,1
Newsom,10/28/2024 12:00:00 AM,$0.01,$0.01,$0.01,$0.01,0
Ramaswamy,10/28/2024 12:00:00 AM,$0.01,$0.01,$0.01,$0.01,1
Scott,10/28/2024 12:00:00 AM,$0.01,$0.01,$0.01,$0.01,0
RFK Jr.,10/28/2024 12:00:00 AM,$0.01,$0.01,$0.01,$0.01,8
Haley,10/28/2024 12:00:00 AM,$0.01,$0.01,$0.01,$0.01,0
DeSantis,10/29/2024 12:00:00 AM,$0.01,$0.01,$0.01,$0.01,1
Trump,10/29/2024 12:00:00 AM,$0.59,$0.61,$0.59,$0.60,130801
Biden,10/29/2024 12:00:00 AM,$0.01,$0.01,$0.01,$0.01,165
Harris,10/29/2024 12:00:00 AM,$0.45,$0.47,$0.44,$0.46,128190
Buttigieg,10/29/2024 12:00:00 AM,$0.01,$0.01,$0.01,$0.01,0
Newsom,10/29/2024 12:00:00 AM,$0.01,$0.01,$0.01,$0.01,11
Ramaswamy,10/29/2024 12:00:00 AM,$0.01,$0.01,$0.01,$0.01,0
Scott,10/29/2024 12:00:00 AM,$0.01,$0.01,$0.01,$0.01,0
RFK Jr.,10/29/2024 12:00:00 AM,$0.01,$0.01,$0.01,$0.01,111
Haley,10/29/2024 12:00:00 AM,$0.01,$0.01,$0.01,$0.01,10
DeSantis,10/30/2024 12:00:00 AM,$0.01,$0.01,$0.01,$0.01,500
Trump,10/30/2024 12:00:00 AM,$0.60,$0.61,$0.56,$0.58,137522
Biden,10/30/2024 12:00:00 AM,$0.01,$0.01,$0.01,$0.01,709
Harris,10/30/2024 12:00:00 AM,$0.46,$0.48,$0.46,$0.47,143714
Buttigieg,10/30/2024 12:00:00 AM,$0.01,$0.01,$0.01,$0.01,0
Newsom,10/30/2024 12:00:00 AM,$0.01,$0.01,$0.01,$0.01,195
Ramaswamy,10/30/2024 12:00:00 AM,$0.01,$0.01,$0.01,$0.01,500
Scott,10/30/2024 12:00:00 AM,$0.01,$0.01,$0.01,$0.01,0
RFK Jr.,10/30/2024 12:00:00 AM,$0.01,$0.01,$0.01,$0.01,12
Haley,10/30/2024 12:00:00 AM,$0.01,$0.01,$0.01,$0.01,500
DeSantis,10/31/2024 12:00:00 AM,$0.01,$0.01,$0.01,$0.01,0
Trump,10/31/2024 12:00:00 AM,$0.58,$0.59,$0.55,$0.55,118116
Biden,10/31/2024 12:00:00 AM,$0.01,$0.01,$0.01,$0.01,456
Harris,10/31/2024 12:00:00 AM,$0.47,$0.50,$0.47,$0.49,112934
Buttigieg,10/31/2024 12:00:00 AM,$0.01,$0.01,$0.01,$0.01,0
Newsom,10/31/2024 12:00:00 AM,$0.01,$0.01,$0.01,$0.01,1147
Ramaswamy,10/31/2024 12:00:00 AM,$0.01,$0.01,$0.01,$0.01,57
Scott,10/31/2024 12:00:00 AM,$0.01,$0.01,$0.01,$0.01,0
RFK Jr.,10/31/2024 12:00:00 AM,$0.01,$0.01,$0.01,$0.01,244
Haley,10/31/2024 12:00:00 AM,$0.01,$0.01,$0.01,$0.01,300
DeSantis,11/1/2024 12:00:00 AM,$0.01,$0.01,$0.01,$0.01,0
Trump,11/1/2024 12:00:00 AM,$0.55,$0.56,$0.52,$0.52,180082
Biden,11/1/2024 12:00:00 AM,$0.01,$0.01,$0.01,$0.01,1445
Harris,11/1/2024 12:00:00 AM,$0.49,$0.55,$0.48,$0.53,182317
Buttigieg,11/1/2024 12:00:00 AM,$0.01,$0.01,$0.01,$0.01,0
Newsom,11/1/2024 12:00:00 AM,$0.01,$0.02,$0.01,$0.01,1573
Ramaswamy,11/1/2024 12:00:00 AM,$0.01,$0.01,$0.01,$0.01,0
Scott,11/1/2024 12:00:00 AM,$0.01,$0.01,$0.01,$0.01,0
RFK Jr.,11/1/2024 12:00:00 AM,$0.01,$0.01,$0.01,$0.01,9
Haley,11/1/2024 12:00:00 AM,$0.01,$0.01,$0.01,$0.01,195
DeSantis,11/2/2024 12:00:00 AM,$0.01,$0.01,$0.01,$0.01,414
Trump,11/2/2024 12:00:00 AM,$0.52,$0.54,$0.48,$0.48,136124
Biden,11/2/2024 12:00:00 AM,$0.01,$0.01,$0.01,$0.01,2124
Harris,11/2/2024 12:00:00 AM,$0.53,$0.58,$0.51,$0.56,230254
Buttigieg,11/2/2024 12:00:00 AM,$0.01,$0.01,$0.01,$0.01,850
Newsom,11/2/2024 12:00:00 AM,$0.01,$0.01,$0.01,$0.01,1067
Ramaswamy,11/2/2024 12:00:00 AM,$0.01,$0.01,$0.01,$0.01,0
Scott,11/2/2024 12:00:00 AM,$0.01,$0.01,$0.01,$0.01,0
RFK Jr.,11/2/2024 12:00:00 AM,$0.01,$0.01,$0.01,$0.01,901
Haley,11/2/2024 12:00:00 AM,$0.01,$0.01,$0.01,$0.01,851
DeSantis,11/3/2024 12:00:00 AM,$0.01,$0.01,$0.01,$0.01,7
Trump,11/3/2024 12:00:00 AM,$0.48,$0.53,$0.46,$0.52,102127
Biden,11/3/2024 12:00:00 AM,$0.01,$0.01,$0.01,$0.01,46214
Harris,11/3/2024 12:00:00 AM,$0.56,$0.57,$0.52,$0.53,213587
Buttigieg,11/3/2024 12:00:00 AM,$0.01,$0.01,$0.01,$0.01,1
Newsom,11/3/2024 12:00:00 AM,$0.01,$0.01,$0.01,$0.01,1726
Ramaswamy,11/3/2024 12:00:00 AM,$0.01,$0.01,$0.01,$0.01,884
Scott,11/3/2024 12:00:00 AM,$0.01,$0.01,$0.01,$0.01,0
RFK Jr.,11/3/2024 12:00:00 AM,$0.01,$0.01,$0.01,$0.01,962
Haley,11/3/2024 12:00:00 AM,$0.01,$0.01,$0.01,$0.01,859
DeSantis,11/4/2024 12:00:00 AM,$0.01,$0.01,$0.01,$0.01,4
Trump,11/4/2024 12:00:00 AM,$0.53,$0.55,$0.50,$0.54,169561
Biden,11/4/2024 12:00:00 AM,$0.01,$0.01,$0.01,$0.01,1344
Harris,11/4/2024 12:00:00 AM,$0.54,$0.56,$0.52,$0.53,179832
Buttigieg,11/4/2024 12:00:00 AM,$0.01,$0.01,$0.01,$0.01,0
Newsom,11/4/2024 12:00:00 AM,$0.01,$0.01,$0.01,$0.01,976
Ramaswamy,11/4/2024 12:00:00 AM,$0.01,$0.01,$0.01,$0.01,0
Scott,11/4/2024 12:00:00 AM,$0.01,$0.01,$0.01,$0.01,0
RFK Jr.,11/4/2024 12:00:00 AM,$0.01,$0.01,$0.01,$0.01,1421
Haley,11/4/2024 12:00:00 AM,$0.01,$0.01,$0.01,$0.01,0
DeSantis,11/5/2024 12:00:00 AM,$0.01,$0.01,$0.01,$0.01,2429
Trump,11/5/2024 12:00:00 AM,$0.54,$0.95,$0.52,$0.94,686058
Biden,11/5/2024 12:00:00 AM,$0.01,$0.01,$0.01,$0.01,5474
Harris,11/5/2024 12:00:00 AM,$0.53,$0.57,$0.05,$0.07,784900
Buttigieg,11/5/2024 12:00:00 AM,$0.01,$0.01,$0.01,$0.01,1717
Newsom,11/5/2024 12:00:00 AM,$0.01,$0.01,$0.01,$0.01,6176
Ramaswamy,11/5/2024 12:00:00 AM,$0.01,$0.01,$0.01,$0.01,994
Scott,11/5/2024 12:00:00 AM,$0.01,$0.01,$0.01,$0.01,0
RFK Jr.,11/5/2024 12:00:00 AM,$0.01,$0.01,$0.01,$0.01,7114
Haley,11/5/2024 12:00:00 AM,$0.01,$0.01,$0.01,$0.01,3507
DeSantis,11/6/2024 12:00:00 AM,$0.01,$0.01,$0.01,$0.01,2058
Trump,11/6/2024 12:00:00 AM,$0.94,$0.99,$0.90,$0.98,1113694
Biden,11/6/2024 12:00:00 AM,$0.01,$0.01,$0.01,$0.01,11991
Harris,11/6/2024 12:00:00 AM,$0.07,$0.13,$0.01,$0.02,866107
Buttigieg,11/6/2024 12:00:00 AM,$0.01,$0.01,$0.01,$0.01,2942
Newsom,11/6/2024 12:00:00 AM,$0.01,$0.01,$0.01,$0.01,10260
Ramaswamy,11/6/2024 12:00:00 AM,$0.01,$0.01,$0.01,$0.01,1044
Scott,11/6/2024 12:00:00 AM,$0.01,$0.01,$0.01,$0.01,2
RFK Jr.,11/6/2024 12:00:00 AM,$0.01,$0.01,$0.01,$0.01,11368
Haley,11/6/2024 12:00:00 AM,$0.01,$0.01,$0.01,$0.01,6542
DeSantis,11/7/2024 12:00:00 AM,$0.01,$0.01,$0.01,$0.01,385
Trump,11/7/2024 12:00:00 AM,$0.98,$0.98,$0.97,$0.98,208159
Biden,11/7/2024 12:00:00 AM,$0.01,$0.01,$0.01,$0.01,3845
Harris,11/7/2024 12:00:00 AM,$0.02,$0.02,$0.01,$0.01,134677
Buttigieg,11/7/2024 12:00:00 AM,$0.01,$0.01,$0.01,$0.01,483
Newsom,11/7/2024 12:00:00 AM,$0.01,$0.01,$0.01,$0.01,2775
Ramaswamy,11/7/2024 12:00:00 AM,$0.01,$0.01,$0.01,$0.01,0
Scott,11/7/2024 12:00:00 AM,$0.01,$0.01,$0.01,$0.01,55
RFK Jr.,11/7/2024 12:00:00 AM,$0.01,$0.01,$0.01,$0.01,3823
Haley,11/7/2024 12:00:00 AM,$0.01,$0.01,$0.01,$0.01,2410
DeSantis,11/8/2024 12:00:00 AM,$0.01,$0.01,$0.01,$0.01,47
Trump,11/8/2024 12:00:00 AM,$0.98,$0.98,$0.97,$0.97,106788
Biden,11/8/2024 12:00:00 AM,$0.01,$0.01,$0.01,$0.01,3432
Harris,11/8/2024 12:00:00 AM,$0.01,$0.02,$0.01,$0.02,54031
Buttigieg,11/8/2024 12:00:00 AM,$0.01,$0.01,$0.01,$0.01,1
Newsom,11/8/2024 12:00:00 AM,$0.01,$0.01,$0.01,$0.01,237
Ramaswamy,11/8/2024 12:00:00 AM,$0.01,$0.01,$0.01,$0.01,0
Scott,11/8/2024 12:00:00 AM,$0.01,$0.01,$0.01,$0.01,0
RFK Jr.,11/8/2024 12:00:00 AM,$0.01,$0.01,$0.01,$0.01,737
Haley,11/8/2024 12:00:00 AM,$0.01,$0.01,$0.01,$0.01,142
DeSantis,11/9/2024 12:00:00 AM,$0.01,$0.01,$0.01,$0.01,0
Trump,11/9/2024 12:00:00 AM,$0.97,$0.98,$0.97,$0.98,66756
Biden,11/9/2024 12:00:00 AM,$0.01,$0.01,$0.01,$0.01,494
Harris,11/9/2024 12:00:00 AM,$0.02,$0.02,$0.01,$0.02,41527
Buttigieg,11/9/2024 12:00:00 AM,$0.01,$0.01,$0.01,$0.01,0
Newsom,11/9/2024 12:00:00 AM,$0.01,$0.01,$0.01,$0.01,155
Ramaswamy,11/9/2024 12:00:00 AM,$0.01,$0.01,$0.01,$0.01,0
Scott,11/9/2024 12:00:00 AM,$0.01,$0.01,$0.01,$0.01,0
RFK Jr.,11/9/2024 12:00:00 AM,$0.01,$0.01,$0.01,$0.01,190
Haley,11/9/2024 12:00:00 AM,$0.01,$0.01,$0.01,$0.01,105
DeSantis,11/10/2024 12:00:00 AM,$0.01,$0.01,$0.01,$0.01,0
Trump,11/10/2024 12:00:00 AM,$0.98,$0.98,$0.97,$0.98,47388
Biden,11/10/2024 12:00:00 AM,$0.01,$0.01,$0.01,$0.01,1083
Harris,11/10/2024 12:00:00 AM,$0.02,$0.02,$0.01,$0.02,27334
Buttigieg,11/10/2024 12:00:00 AM,$0.01,$0.01,$0.01,$0.01,1858
Newsom,11/10/2024 12:00:00 AM,$0.01,$0.01,$0.01,$0.01,1939
Ramaswamy,11/10/2024 12:00:00 AM,$0.01,$0.01,$0.01,$0.01,0
Scott,11/10/2024 12:00:00 AM,$0.01,$0.01,$0.01,$0.01,0
RFK Jr.,11/10/2024 12:00:00 AM,$0.01,$0.01,$0.01,$0.01,1346
Haley,11/10/2024 12:00:00 AM,$0.01,$0.01,$0.01,$0.01,909
DeSantis,11/11/2024 12:00:00 AM,$0.01,$0.01,$0.01,$0.01,1721
Trump,11/11/2024 12:00:00 AM,$0.98,$0.99,$0.97,$0.99,122809
Biden,11/11/2024 12:00:00 AM,$0.01,$0.01,$0.01,$0.01,3941
Harris,11/11/2024 12:00:00 AM,$0.02,$0.02,$0.01,$0.01,39085
Buttigieg,11/11/2024 12:00:00 AM,$0.01,$0.01,$0.01,$0.01,1725
Newsom,11/11/2024 12:00:00 AM,$0.01,$0.01,$0.01,$0.01,2755
Ramaswamy,11/11/2024 12:00:00 AM,$0.01,$0.01,$0.01,$0.01,1
Scott,11/11/2024 12:00:00 AM,$0.01,$0.01,$0.01,$0.01,858
RFK Jr.,11/11/2024 12:00:00 AM,$0.01,$0.01,$0.01,$0.01,4299
Haley,11/11/2024 12:00:00 AM,$0.01,$0.01,$0.01,$0.01,2418
DeSantis,11/12/2024 12:00:00 AM,$0.01,$0.01,$0.01,$0.01,74
Trump,11/12/2024 12:00:00 AM,$0.99,$0.99,$0.98,$0.99,53642
Biden,11/12/2024 12:00:00 AM,$0.01,$0.01,$0.01,$0.01,1003
Harris,11/12/2024 12:00:00 AM,$0.01,$0.02,$0.01,$0.01,43757
Buttigieg,11/12/2024 12:00:00 AM,$0.01,$0.01,$0.01,$0.01,100
Newsom,11/12/2024 12:00:00 AM,$0.01,$0.01,$0.01,$0.01,201
Ramaswamy,11/12/2024 12:00:00 AM,$0.01,$0.01,$0.01,$0.01,87
Scott,11/12/2024 12:00:00 AM,$0.01,$0.01,$0.01,$0.01,87
RFK Jr.,11/12/2024 12:00:00 AM,$0.01,$0.01,$0.01,$0.01,232
Haley,11/12/2024 12:00:00 AM,$0.01,$0.01,$0.01,$0.01,100
DeSantis,11/13/2024 12:00:00 AM,$0.01,$0.01,$0.01,$0.01,31
Trump,11/13/2024 12:00:00 AM,$0.99,$0.99,$0.98,$0.98,85164
Biden,11/13/2024 12:00:00 AM,$0.01,$0.01,$0.01,$0.01,167
Harris,11/13/2024 12:00:00 AM,$0.01,$0.02,$0.01,$0.01,68994
Buttigieg,11/13/2024 12:00:00 AM,$0.01,$0.01,$0.01,$0.01,4
Newsom,11/13/2024 12:00:00 AM,$0.01,$0.01,$0.01,$0.01,0
Ramaswamy,11/13/2024 12:00:00 AM,$0.01,$0.01,$0.01,$0.01,0
Scott,11/13/2024 12:00:00 AM,$0.01,$0.01,$0.01,$0.01,0
RFK Jr.,11/13/2024 12:00:00 AM,$0.01,$0.01,$0.01,$0.01,0
Haley,11/13/2024 12:00:00 AM,$0.01,$0.01,$0.01,$0.01,0
DeSantis,11/14/2024 12:00:00 AM,$0.01,$0.01,$0.01,$0.01,0
Trump,11/14/2024 12:00:00 AM,$0.98,$0.99,$0.97,$0.98,113740
Biden,11/14/2024 12:00:00 AM,$0.01,$0.01,$0.01,$0.01,251
Harris,11/14/2024 12:00:00 AM,$0.01,$0.02,$0.01,$0.02,42608
Buttigieg,11/14/2024 12:00:00 AM,$0.01,$0.01,$0.01,$0.01,25
Newsom,11/14/2024 12:00:00 AM,$0.01,$0.01,$0.01,$0.01,580
Ramaswamy,11/14/2024 12:00:00 AM,$0.01,$0.01,$0.01,$0.01,0
Scott,11/14/2024 12:00:00 AM,$0.01,$0.01,$0.01,$0.01,0
RFK Jr.,11/14/2024 12:00:00 AM,$0.01,$0.01,$0.01,$0.01,805
Haley,11/14/2024 12:00:00 AM,$0.01,$0.01,$0.01,$0.01,858
DeSantis,11/15/2024 12:00:00 AM,$0.01,$0.01,$0.01,$0.01,888
Trump,11/15/2024 12:00:00 AM,$0.98,$0.99,$0.98,$0.98,28156
Biden,11/15/2024 12:00:00 AM,$0.01,$0.01,$0.01,$0.01,1477
Harris,11/15/2024 12:00:00 AM,$0.02,$0.02,$0.01,$0.02,19214
Buttigieg,11/15/2024 12:00:00 AM,$0.01,$0.01,$0.01,$0.01,0
Newsom,11/15/2024 12:00:00 AM,$0.01,$0.01,$0.01,$0.01,1877
Ramaswamy,11/15/2024 12:00:00 AM,$0.01,$0.01,$0.01,$0.01,882
Scott,11/15/2024 12:00:00 AM,$0.01,$0.01,$0.01,$0.01,0
RFK Jr.,11/15/2024 12:00:00 AM,$0.01,$0.01,$0.01,$0.01,1119
Haley,11/15/2024 12:00:00 AM,$0.01,$0.01,$0.01,$0.01,954
DeSantis,11/16/2024 12:00:00 AM,$0.01,$0.01,$0.01,$0.01,0
Trump,11/16/2024 12:00:00 AM,$0.98,$0.99,$0.98,$0.99,23639
Biden,11/16/2024 12:00:00 AM,$0.01,$0.01,$0.01,$0.01,645
Harris,11/16/2024 12:00:00 AM,$0.02,$0.02,$0.01,$0.01,10414
Buttigieg,11/16/2024 12:00:00 AM,$0.01,$0.01,$0.01,$0.01,0
Newsom,11/16/2024 12:00:00 AM,$0.01,$0.01,$0.01,$0.01,23
Ramaswamy,11/16/2024 12:00:00 AM,$0.01,$0.01,$0.01,$0.01,0
Scott,11/16/2024 12:00:00 AM,$0.01,$0.01,$0.01,$0.01,0
RFK Jr.,11/16/2024 12:00:00 AM,$0.01,$0.01,$0.01,$0.01,0
Haley,11/16/2024 12:00:00 AM,$0.01,$0.01,$0.01,$0.01,0
DeSantis,11/17/2024 12:00:00 AM,$0.01,$0.01,$0.01,$0.01,0
Trump,11/17/2024 12:00:00 AM,$0.99,$0.99,$0.97,$0.98,46963
Biden,11/17/2024 12:00:00 AM,$0.01,$0.01,$0.01,$0.01,1478
Harris,11/17/2024 12:00:00 AM,$0.01,$0.02,$0.01,$0.01,15823
Buttigieg,11/17/2024 12:00:00 AM,$0.01,$0.01,$0.01,$0.01,0
Newsom,11/17/2024 12:00:00 AM,$0.01,$0.01,$0.01,$0.01,1717
Ramaswamy,11/17/2024 12:00:00 AM,$0.01,$0.01,$0.01,$0.01,0
Scott,11/17/2024 12:00:00 AM,$0.01,$0.01,$0.01,$0.01,0
RFK Jr.,11/17/2024 12:00:00 AM,$0.01,$0.01,$0.01,$0.01,1736
Haley,11/17/2024 12:00:00 AM,$0.01,$0.01,$0.01,$0.01,2574
DeSantis,11/18/2024 12:00:00 AM,$0.01,$0.01,$0.01,$0.01,0
Trump,11/18/2024 12:00:00 AM,$0.98,$0.99,$0.96,$0.98,24070
Biden,11/18/2024 12:00:00 AM,$0.01,$0.01,$0.01,$0.01,1574
Harris,11/18/2024 12:00:00 AM,$0.01,$0.02,$0.01,$0.01,16739
Buttigieg,11/18/2024 12:00:00 AM,$0.01,$0.01,$0.01,$0.01,0
Newsom,11/18/2024 12:00:00 AM,$0.01,$0.01,$0.01,$0.01,0
Ramaswamy,11/18/2024 12:00:00 AM,$0.01,$0.01,$0.01,$0.01,0
Scott,11/18/2024 12:00:00 AM,$0.01,$0.01,$0.01,$0.01,0
RFK Jr.,11/18/2024 12:00:00 AM,$0.01,$0.01,$0.01,$0.01,0
Haley,11/18/2024 12:00:00 AM,$0.01,$0.01,$0.01,$0.01,0
DeSantis,11/19/2024 12:00:00 AM,$0.01,$0.01,$0.01,$0.01,858
Trump,11/19/2024 12:00:00 AM,$0.98,$0.98,$0.93,$0.97,23987
Biden,11/19/2024 12:00:00 AM,$0.01,$0.01,$0.01,$0.01,4556
Harris,11/19/2024 12:00:00 AM,$0.01,$0.02,$0.01,$0.01,23640
Buttigieg,11/19/2024 12:00:00 AM,$0.01,$0.01,$0.01,$0.01,858
Newsom,11/19/2024 12:00:00 AM,$0.01,$0.01,$0.01,$0.01,994
Ramaswamy,11/19/2024 12:00:00 AM,$0.01,$0.01,$0.01,$0.01,0
Scott,11/19/2024 12:00:00 AM,$0.01,$0.01,$0.01,$0.01,0
RFK Jr.,11/19/2024 12:00:00 AM,$0.01,$0.01,$0.01,$0.01,1095
Haley,11/19/2024 12:00:00 AM,$0.01,$0.01,$0.01,$0.01,867
DeSantis,11/20/2024 12:00:00 AM,$0.01,$0.01,$0.01,$0.01,0
Trump,11/20/2024 12:00:00 AM,$0.97,$0.98,$0.96,$0.96,22039
Biden,11/20/2024 12:00:00 AM,$0.01,$0.01,$0.01,$0.01,1204
Harris,11/20/2024 12:00:00 AM,$0.01,$0.02,$0.01,$0.02,12170
Buttigieg,11/20/2024 12:00:00 AM,$0.01,$0.01,$0.01,$0.01,0
Newsom,11/20/2024 12:00:00 AM,$0.01,$0.01,$0.01,$0.01,976
Ramaswamy,11/20/2024 12:00:00 AM,$0.01,$0.01,$0.01,$0.01,0
Scott,11/20/2024 12:00:00 AM,$0.01,$0.01,$0.01,$0.01,0
RFK Jr.,11/20/2024 12:00:00 AM,$0.01,$0.01,$0.01,$0.01,100
Haley,11/20/2024 12:00:00 AM,$0.01,$0.01,$0.01,$0.01,0
DeSantis,11/21/2024 12:00:00 AM,$0.01,$0.01,$0.01,$0.01,0
Trump,11/21/2024 12:00:00 AM,$0.96,$0.98,$0.96,$0.97,11787
Biden,11/21/2024 12:00:00 AM,$0.01,$0.01,$0.01,$0.01,932
Harris,11/21/2024 12:00:00 AM,$0.02,$0.02,$0.01,$0.02,7124
Buttigieg,11/21/2024 12:00:00 AM,$0.01,$0.01,$0.01,$0.01,0
Newsom,11/21/2024 12:00:00 AM,$0.01,$0.01,$0.01,$0.01,1
Ramaswamy,11/21/2024 12:00:00 AM,$0.01,$0.01,$0.01,$0.01,0
Scott,11/21/2024 12:00:00 AM,$0.01,$0.01,$0.01,$0.01,0
RFK Jr.,11/21/2024 12:00:00 AM,$0.01,$0.01,$0.01,$0.01,20
Haley,11/21/2024 12:00:00 AM,$0.01,$0.01,$0.01,$0.01,0
DeSantis,11/22/2024 12:00:00 AM,$0.01,$0.01,$0.01,$0.01,0
Trump,11/22/2024 12:00:00 AM,$0.97,$0.97,$0.95,$0.97,16384
Biden,11/22/2024 12:00:00 AM,$0.01,$0.01,$0.01,$0.01,823
Harris,11/22/2024 12:00:00 AM,$0.02,$0.02,$0.01,$0.02,8786
Buttigieg,11/22/2024 12:00:00 AM,$0.01,$0.01,$0.01,$0.01,0
Newsom,11/22/2024 12:00:00 AM,$0.01,$0.01,$0.01,$0.01,27
Ramaswamy,11/22/2024 12:00:00 AM,$0.01,$0.01,$0.01,$0.01,0
Scott,11/22/2024 12:00:00 AM,$0.01,$0.01,$0.01,$0.01,0
RFK Jr.,11/22/2024 12:00:00 AM,$0.01,$0.01,$0.01,$0.01,485
Haley,11/22/2024 12:00:00 AM,$0.01,$0.01,$0.01,$0.01,484
DeSantis,11/23/2024 12:00:00 AM,$0.01,$0.01,$0.01,$0.01,0
Trump,11/23/2024 12:00:00 AM,$0.97,$0.97,$0.95,$0.96,8094
Biden,11/23/2024 12:00:00 AM,$0.01,$0.01,$0.01,$0.01,1261
Harris,11/23/2024 12:00:00 AM,$0.02,$0.02,$0.01,$0.01,4986
Buttigieg,11/23/2024 12:00:00 AM,$0.01,$0.01,$0.01,$0.01,0
Newsom,11/23/2024 12:00:00 AM,$0.01,$0.01,$0.01,$0.01,0
Ramaswamy,11/23/2024 12:00:00 AM,$0.01,$0.01,$0.01,$0.01,0
Scott,11/23/2024 12:00:00 AM,$0.01,$0.01,$0.01,$0.01,0
RFK Jr.,11/23/2024 12:00:00 AM,$0.01,$0.01,$0.01,$0.01,790
Haley,11/23/2024 12:00:00 AM,$0.01,$0.01,$0.01,$0.01,0
DeSantis,11/24/2024 12:00:00 AM,$0.01,$0.01,$0.01,$0.01,0
Trump,11/24/2024 12:00:00 AM,$0.96,$0.97,$0.95,$0.97,11403
Biden,11/24/2024 12:00:00 AM,$0.01,$0.01,$0.01,$0.01,428
Harris,11/24/2024 12:00:00 AM,$0.01,$0.02,$0.01,$0.02,10842
Buttigieg,11/24/2024 12:00:00 AM,$0.01,$0.01,$0.01,$0.01,0
Newsom,11/24/2024 12:00:00 AM,$0.01,$0.01,$0.01,$0.01,0
Ramaswamy,11/24/2024 12:00:00 AM,$0.01,$0.01,$0.01,$0.01,0
Scott,11/24/2024 12:00:00 AM,$0.01,$0.01,$0.01,$0.01,0
RFK Jr.,11/24/2024 12:00:00 AM,$0.01,$0.01,$0.01,$0.01,0
Haley,11/24/2024 12:00:00 AM,$0.01,$0.01,$0.01,$0.01,0
DeSantis,11/25/2024 12:00:00 AM,$0.01,$0.01,$0.01,$0.01,1241
Trump,11/25/2024 12:00:00 AM,$0.97,$0.98,$0.96,$0.98,40819
Biden,11/25/2024 12:00:00 AM,$0.01,$0.01,$0.01,$0.01,2430
Harris,11/25/2024 12:00:00 AM,$0.02,$0.03,$0.01,$0.01,16410
Buttigieg,11/25/2024 12:00:00 AM,$0.01,$0.01,$0.01,$0.01,2099
Newsom,11/25/2024 12:00:00 AM,$0.01,$0.01,$0.01,$0.01,3208
Ramaswamy,11/25/2024 12:00:00 AM,$0.01,$0.01,$0.01,$0.01,21
Scott,11/25/2024 12:00:00 AM,$0.01,$0.01,$0.01,$0.01,373
RFK Jr.,11/25/2024 12:00:00 AM,$0.01,$0.01,$0.01,$0.01,3367
Haley,11/25/2024 12:00:00 AM,$0.01,$0.01,$0.01,$0.01,3042
DeSantis,11/26/2024 12:00:00 AM,$0.01,$0.01,$0.01,$0.01,0
Trump,11/26/2024 12:00:00 AM,$0.98,$0.98,$0.97,$0.97,38678
Biden,11/26/2024 12:00:00 AM,$0.01,$0.01,$0.01,$0.01,0
Harris,11/26/2024 12:00:00 AM,$0.01,$0.02,$0.01,$0.01,5909
Buttigieg,11/26/2024 12:00:00 AM,$0.01,$0.01,$0.01,$0.01,0
Newsom,11/26/2024 12:00:00 AM,$0.01,$0.01,$0.01,$0.01,0
Ramaswamy,11/26/2024 12:00:00 AM,$0.01,$0.01,$0.01,$0.01,0
Scott,11/26/2024 12:00:00 AM,$0.01,$0.01,$0.01,$0.01,0
RFK Jr.,11/26/2024 12:00:00 AM,$0.01,$0.01,$0.01,$0.01,0
Haley,11/26/2024 12:00:00 AM,$0.01,$0.01,$0.01,$0.01,0
DeSantis,11/27/2024 12:00:00 AM,$0.01,$0.01,$0.01,$0.01,0
Trump,11/27/2024 12:00:00 AM,$0.97,$0.98,$0.97,$0.98,13421
Biden,11/27/2024 12:00:00 AM,$0.01,$0.01,$0.01,$0.01,1326
Harris,11/27/2024 12:00:00 AM,$0.01,$0.02,$0.01,$0.01,13801
Buttigieg,11/27/2024 12:00:00 AM,$0.01,$0.01,$0.01,$0.01,0
Newsom,11/27/2024 12:00:00 AM,$0.01,$0.01,$0.01,$0.01,35
Ramaswamy,11/27/2024 12:00:00 AM,$0.01,$0.01,$0.01,$0.01,0
Scott,11/27/2024 12:00:00 AM,$0.01,$0.01,$0.01,$0.01,0
RFK Jr.,11/27/2024 12:00:00 AM,$0.01,$0.01,$0.01,$0.01,0
Haley,11/27/2024 12:00:00 AM,$0.01,$0.01,$0.01,$0.01,23
DeSantis,11/28/2024 12:00:00 AM,$0.01,$0.01,$0.01,$0.01,0
Trump,11/28/2024 12:00:00 AM,$0.98,$0.99,$0.97,$0.97,30337
Biden,11/28/2024 12:00:00 AM,$0.01,$0.01,$0.01,$0.01,1323
Harris,11/28/2024 12:00:00 AM,$0.01,$0.02,$0.01,$0.01,4640
Buttigieg,11/28/2024 12:00:00 AM,$0.01,$0.01,$0.01,$0.01,874
Newsom,11/28/2024 12:00:00 AM,$0.01,$0.01,$0.01,$0.01,1292
Ramaswamy,11/28/2024 12:00:00 AM,$0.01,$0.01,$0.01,$0.01,0
Scott,11/28/2024 12:00:00 AM,$0.01,$0.01,$0.01,$0.01,0
RFK Jr.,11/28/2024 12:00:00 AM,$0.01,$0.01,$0.01,$0.01,1360
Haley,11/28/2024 12:00:00 AM,$0.01,$0.01,$0.01,$0.01,540
DeSantis,11/29/2024 12:00:00 AM,$0.01,$0.01,$0.01,$0.01,0
Trump,11/29/2024 12:00:00 AM,$0.97,$0.99,$0.97,$0.98,13727
Biden,11/29/2024 12:00:00 AM,$0.01,$0.01,$0.01,$0.01,0
Harris,11/29/2024 12:00:00 AM,$0.01,$0.02,$0.01,$0.01,6321
Buttigieg,11/29/2024 12:00:00 AM,$0.01,$0.01,$0.01,$0.01,0
Newsom,11/29/2024 12:00:00 AM,$0.01,$0.01,$0.01,$0.01,0
Ramaswamy,11/29/2024 12:00:00 AM,$0.01,$0.01,$0.01,$0.01,0
Scott,11/29/2024 12:00:00 AM,$0.01,$0.01,$0.01,$0.01,0
RFK Jr.,11/29/2024 12:00:00 AM,$0.01,$0.01,$0.01,$0.01,0
Haley,11/29/2024 12:00:00 AM,$0.01,$0.01,$0.01,$0.01,0
DeSantis,11/30/2024 12:00:00 AM,$0.01,$0.01,$0.01,$0.01,0
Trump,11/30/2024 12:00:00 AM,$0.98,$0.99,$0.97,$0.97,8281
Biden,11/30/2024 12:00:00 AM,$0.01,$0.01,$0.01,$0.01,0
Harris,11/30/2024 12:00:00 AM,$0.01,$0.02,$0.01,$0.01,4084
Buttigieg,11/30/2024 12:00:00 AM,$0.01,$0.01,$0.01,$0.01,0
Newsom,11/30/2024 12:00:00 AM,$0.01,$0.01,$0.01,$0.01,0
Ramaswamy,11/30/2024 12:00:00 AM,$0.01,$0.01,$0.01,$0.01,0
Scott,11/30/2024 12:00:00 AM,$0.01,$0.01,$0.01,$0.01,0
RFK Jr.,11/30/2024 12:00:00 AM,$0.01,$0.01,$0.01,$0.01,0
Haley,11/30/2024 12:00:00 AM,$0.01,$0.01,$0.01,$0.01,0
DeSantis,12/1/2024 12:00:00 AM,$0.01,$0.01,$0.01,$0.01,0
Trump,12/1/2024 12:00:00 AM,$0.97,$0.99,$0.97,$0.97,6757
Biden,12/1/2024 12:00:00 AM,$0.01,$0.01,$0.01,$0.01,950
Harris,12/1/2024 12:00:00 AM,$0.01,$0.02,$0.01,$0.02,5998
Buttigieg,12/1/2024 12:00:00 AM,$0.01,$0.01,$0.01,$0.01,0
Newsom,12/1/2024 12:00:00 AM,$0.01,$0.01,$0.01,$0.01,0
Ramaswamy,12/1/2024 12:00:00 AM,$0.01,$0.01,$0.01,$0.01,0
Scott,12/1/2024 12:00:00 AM,$0.01,$0.01,$0.01,$0.01,0
RFK Jr.,12/1/2024 12:00:00 AM,$0.01,$0.01,$0.01,$0.01,0
Haley,12/1/2024 12:00:00 AM,$0.01,$0.01,$0.01,$0.01,6
DeSantis,12/2/2024 12:00:00 AM,$0.01,$0.01,$0.01,$0.01,5
Trump,12/2/2024 12:00:00 AM,$0.97,$0.99,$0.97,$0.97,12582
Biden,12/2/2024 12:00:00 AM,$0.01,$0.01,$0.01,$0.01,85
Harris,12/2/2024 12:00:00 AM,$0.02,$0.02,$0.01,$0.02,15068
Buttigieg,12/2/2024 12:00:00 AM,$0.01,$0.01,$0.01,$0.01,25
Newsom,12/2/2024 12:00:00 AM,$0.01,$0.01,$0.01,$0.01,48
Ramaswamy,12/2/2024 12:00:00 AM,$0.01,$0.01,$0.01,$0.01,0
Scott,12/2/2024 12:00:00 AM,$0.01,$0.01,$0.01,$0.01,0
RFK Jr.,12/2/2024 12:00:00 AM,$0.01,$0.01,$0.01,$0.01,16
Haley,12/2/2024 12:00:00 AM,$0.01,$0.01,$0.01,$0.01,33
DeSantis,12/3/2024 12:00:00 AM,$0.01,$0.01,$0.01,$0.01,0
Trump,12/3/2024 12:00:00 AM,$0.97,$0.99,$0.97,$0.98,10246
Biden,12/3/2024 12:00:00 AM,$0.01,$0.01,$0.01,$0.01,425
Harris,12/3/2024 12:00:00 AM,$0.02,$0.02,$0.01,$0.02,4198
Buttigieg,12/3/2024 12:00:00 AM,$0.01,$0.01,$0.01,$0.01,0
Newsom,12/3/2024 12:00:00 AM,$0.01,$0.01,$0.01,$0.01,100
Ramaswamy,12/3/2024 12:00:00 AM,$0.01,$0.01,$0.01,$0.01,0
Scott,12/3/2024 12:00:00 AM,$0.01,$0.01,$0.01,$0.01,0
RFK Jr.,12/3/2024 12:00:00 AM,$0.01,$0.01,$0.01,$0.01,1
Haley,12/3/2024 12:00:00 AM,$0.01,$0.01,$0.01,$0.01,0
DeSantis,12/4/2024 12:00:00 AM,$0.01,$0.01,$0.01,$0.01,0
Trump,12/4/2024 12:00:00 AM,$0.98,$0.99,$0.97,$0.97,10191
Biden,12/4/2024 12:00:00 AM,$0.01,$0.01,$0.01,$0.01,1227
Harris,12/4/2024 12:00:00 AM,$0.02,$0.02,$0.01,$0.01,6102
Buttigieg,12/4/2024 12:00:00 AM,$0.01,$0.01,$0.01,$0.01,0
Newsom,12/4/2024 12:00:00 AM,$0.01,$0.01,$0.01,$0.01,0
Ramaswamy,12/4/2024 12:00:00 AM,$0.01,$0.01,$0.01,$0.01,0
Scott,12/4/2024 12:00:00 AM,$0.01,$0.01,$0.01,$0.01,0
RFK Jr.,12/4/2024 12:00:00 AM,$0.01,$0.01,$0.01,$0.01,0
Haley,12/4/2024 12:00:00 AM,$0.01,$0.01,$0.01,$0.01,0
DeSantis,12/5/2024 12:00:00 AM,$0.01,$0.01,$0.01,$0.01,0
Trump,12/5/2024 12:00:00 AM,$0.97,$0.98,$0.97,$0.98,7786
Biden,12/5/2024 12:00:00 AM,$0.01,$0.01,$0.01,$0.01,0
Harris,12/5/2024 12:00:00 AM,$0.01,$0.02,$0.01,$0.01,2946
Buttigieg,12/5/2024 12:00:00 AM,$0.01,$0.01,$0.01,$0.01,0
Newsom,12/5/2024 12:00:00 AM,$0.01,$0.01,$0.01,$0.01,0
Ramaswamy,12/5/2024 12:00:00 AM,$0.01,$0.01,$0.01,$0.01,0
Scott,12/5/2024 12:00:00 AM,$0.01,$0.01,$0.01,$0.01,0
RFK Jr.,12/5/2024 12:00:00 AM,$0.01,$0.01,$0.01,$0.01,0
Haley,12/5/2024 12:00:00 AM,$0.01,$0.01,$0.01,$0.01,0
DeSantis,12/6/2024 12:00:00 AM,$0.01,$0.01,$0.01,$0.01,0
Trump,12/6/2024 12:00:00 AM,$0.98,$0.98,$0.97,$0.98,7153
Biden,12/6/2024 12:00:00 AM,$0.01,$0.01,$0.01,$0.01,451
Harris,12/6/2024 12:00:00 AM,$0.01,$0.03,$0.01,$0.02,2180
Buttigieg,12/6/2024 12:00:00 AM,$0.01,$0.01,$0.01,$0.01,25
Newsom,12/6/2024 12:00:00 AM,$0.01,$0.01,$0.01,$0.01,25
Ramaswamy,12/6/2024 12:00:00 AM,$0.01,$0.01,$0.01,$0.01,25
Scott,12/6/2024 12:00:00 AM,$0.01,$0.01,$0.01,$0.01,0
RFK Jr.,12/6/2024 12:00:00 AM,$0.01,$0.01,$0.01,$0.01,25
Haley,12/6/2024 12:00:00 AM,$0.01,$0.01,$0.01,$0.01,0
DeSantis,12/7/2024 12:00:00 AM,$0.01,$0.01,$0.01,$0.01,0
Trump,12/7/2024 12:00:00 AM,$0.98,$0.99,$0.98,$0.99,6910
Biden,12/7/2024 12:00:00 AM,$0.01,$0.01,$0.01,$0.01,200
Harris,12/7/2024 12:00:00 AM,$0.02,$0.03,$0.01,$0.03,1807
Buttigieg,12/7/2024 12:00:00 AM,$0.01,$0.01,$0.01,$0.01,0
Newsom,12/7/2024 12:00:00 AM,$0.01,$0.01,$0.01,$0.01,0
Ramaswamy,12/7/2024 12:00:00 AM,$0.01,$0.01,$0.01,$0.01,0
Scott,12/7/2024 12:00:00 AM,$0.01,$0.01,$0.01,$0.01,0
RFK Jr.,12/7/2024 12:00:00 AM,$0.01,$0.01,$0.01,$0.01,0
Haley,12/7/2024 12:00:00 AM,$0.01,$0.01,$0.01,$0.01,0
DeSantis,12/8/2024 12:00:00 AM,$0.01,$0.01,$0.01,$0.01,0
Trump,12/8/2024 12:00:00 AM,$0.99,$0.99,$0.97,$0.98,6383
Biden,12/8/2024 12:00:00 AM,$0.01,$0.01,$0.01,$0.01,1406
Harris,12/8/2024 12:00:00 AM,$0.03,$0.03,$0.01,$0.02,1751
Buttigieg,12/8/2024 12:00:00 AM,$0.01,$0.01,$0.01,$0.01,0
Newsom,12/8/2024 12:00:00 AM,$0.01,$0.01,$0.01,$0.01,25
Ramaswamy,12/8/2024 12:00:00 AM,$0.01,$0.01,$0.01,$0.01,0
Scott,12/8/2024 12:00:00 AM,$0.01,$0.01,$0.01,$0.01,0
RFK Jr.,12/8/2024 12:00:00 AM,$0.01,$0.01,$0.01,$0.01,0
Haley,12/8/2024 12:00:00 AM,$0.01,$0.01,$0.01,$0.01,25
DeSantis,12/9/2024 12:00:00 AM,$0.01,$0.01,$0.01,$0.01,0
Trump,12/9/2024 12:00:00 AM,$0.98,$0.99,$0.97,$0.98,5022
Biden,12/9/2024 12:00:00 AM,$0.01,$0.01,$0.01,$0.01,0
Harris,12/9/2024 12:00:00 AM,$0.02,$0.02,$0.01,$0.02,1742
Buttigieg,12/9/2024 12:00:00 AM,$0.01,$0.01,$0.01,$0.01,0
Newsom,12/9/2024 12:00:00 AM,$0.01,$0.01,$0.01,$0.01,0
Ramaswamy,12/9/2024 12:00:00 AM,$0.01,$0.01,$0.01,$0.01,0
Scott,12/9/2024 12:00:00 AM,$0.01,$0.01,$0.01,$0.01,0
RFK Jr.,12/9/2024 12:00:00 AM,$0.01,$0.01,$0.01,$0.01,12
Haley,12/9/2024 12:00:00 AM,$0.01,$0.01,$0.01,$0.01,0
DeSantis,12/10/2024 12:00:00 AM,$0.01,$0.01,$0.01,$0.01,0
Trump,12/10/2024 12:00:00 AM,$0.98,$0.98,$0.97,$0.97,5443
Biden,12/10/2024 12:00:00 AM,$0.01,$0.01,$0.01,$0.01,0
Harris,12/10/2024 12:00:00 AM,$0.02,$0.02,$0.01,$0.02,2897
Buttigieg,12/10/2024 12:00:00 AM,$0.01,$0.01,$0.01,$0.01,0
Newsom,12/10/2024 12:00:00 AM,$0.01,$0.01,$0.01,$0.01,0
Ramaswamy,12/10/2024 12:00:00 AM,$0.01,$0.01,$0.01,$0.01,0
Scott,12/10/2024 12:00:00 AM,$0.01,$0.01,$0.01,$0.01,0
RFK Jr.,12/10/2024 12:00:00 AM,$0.01,$0.01,$0.01,$0.01,0
Haley,12/10/2024 12:00:00 AM,$0.01,$0.01,$0.01,$0.01,0
DeSantis,12/11/2024 12:00:00 AM,$0.01,$0.01,$0.01,$0.01,0
Trump,12/11/2024 12:00:00 AM,$0.97,$0.98,$0.97,$0.97,6127
Biden,12/11/2024 12:00:00 AM,$0.01,$0.01,$0.01,$0.01,10
Harris,12/11/2024 12:00:00 AM,$0.02,$0.03,$0.01,$0.01,1817
Buttigieg,12/11/2024 12:00:00 AM,$0.01,$0.01,$0.01,$0.01,0
Newsom,12/11/2024 12:00:00 AM,$0.01,$0.01,$0.01,$0.01,0
Ramaswamy,12/11/2024 12:00:00 AM,$0.01,$0.01,$0.01,$0.01,0
Scott,12/11/2024 12:00:00 AM,$0.01,$0.01,$0.01,$0.01,0
RFK Jr.,12/11/2024 12:00:00 AM,$0.01,$0.01,$0.01,$0.01,0
Haley,12/11/2024 12:00:00 AM,$0.01,$0.01,$0.01,$0.01,0
DeSantis,12/12/2024 12:00:00 AM,$0.01,$0.01,$0.01,$0.01,100
Trump,12/12/2024 12:00:00 AM,$0.97,$0.98,$0.97,$0.97,1015
Biden,12/12/2024 12:00:00 AM,$0.01,$0.01,$0.01,$0.01,0
Harris,12/12/2024 12:00:00 AM,$0.01,$0.02,$0.01,$0.01,757
Buttigieg,12/12/2024 12:00:00 AM,$0.01,$0.01,$0.01,$0.01,0
Newsom,12/12/2024 12:00:00 AM,$0.01,$0.01,$0.01,$0.01,0
Ramaswamy,12/12/2024 12:00:00 AM,$0.01,$0.01,$0.01,$0.01,894
Scott,12/12/2024 12:00:00 AM,$0.01,$0.01,$0.01,$0.01,0
RFK Jr.,12/12/2024 12:00:00 AM,$0.01,$0.01,$0.01,$0.01,894
Haley,12/12/2024 12:00:00 AM,$0.01,$0.01,$0.01,$0.01,923
DeSantis,12/13/2024 12:00:00 AM,$0.01,$0.01,$0.01,$0.01,25
Trump,12/13/2024 12:00:00 AM,$0.97,$0.98,$0.97,$0.97,1504
Biden,12/13/2024 12:00:00 AM,$0.01,$0.01,$0.01,$0.01,100
Harris,12/13/2024 12:00:00 AM,$0.01,$0.03,$0.01,$0.01,1937
Buttigieg,12/13/2024 12:00:00 AM,$0.01,$0.01,$0.01,$0.01,50
Newsom,12/13/2024 12:00:00 AM,$0.01,$0.01,$0.01,$0.01,100
Ramaswamy,12/13/2024 12:00:00 AM,$0.01,$0.01,$0.01,$0.01,0
Scott,12/13/2024 12:00:00 AM,$0.01,$0.01,$0.01,$0.01,0
RFK Jr.,12/13/2024 12:00:00 AM,$0.01,$0.01,$0.01,$0.01,0
Haley,12/13/2024 12:00:00 AM,$0.01,$0.01,$0.01,$0.01,25
DeSantis,12/14/2024 12:00:00 AM,$0.01,$0.01,$0.01,$0.01,0
Trump,12/14/2024 12:00:00 AM,$0.97,$0.98,$0.97,$0.98,5625
Biden,12/14/2024 12:00:00 AM,$0.01,$0.01,$0.01,$0.01,65
Harris,12/14/2024 12:00:00 AM,$0.01,$0.02,$0.01,$0.02,1715
Buttigieg,12/14/2024 12:00:00 AM,$0.01,$0.01,$0.01,$0.01,0
Newsom,12/14/2024 12:00:00 AM,$0.01,$0.01,$0.01,$0.01,65
Ramaswamy,12/14/2024 12:00:00 AM,$0.01,$0.01,$0.01,$0.01,0
Scott,12/14/2024 12:00:00 AM,$0.01,$0.01,$0.01,$0.01,0
RFK Jr.,12/14/2024 12:00:00 AM,$0.01,$0.01,$0.01,$0.01,102
Haley,12/14/2024 12:00:00 AM,$0.01,$0.01,$0.01,$0.01,6
DeSantis,12/15/2024 12:00:00 AM,$0.01,$0.01,$0.01,$0.01,0
Trump,12/15/2024 12:00:00 AM,$0.98,$0.98,$0.97,$0.98,782
Biden,12/15/2024 12:00:00 AM,$0.01,$0.01,$0.01,$0.01,0
Harris,12/15/2024 12:00:00 AM,$0.02,$0.02,$0.01,$0.02,2719
Buttigieg,12/15/2024 12:00:00 AM,$0.01,$0.01,$0.01,$0.01,0
Newsom,12/15/2024 12:00:00 AM,$0.01,$0.01,$0.01,$0.01,0
Ramaswamy,12/15/2024 12:00:00 AM,$0.01,$0.01,$0.01,$0.01,0
Scott,12/15/2024 12:00:00 AM,$0.01,$0.01,$0.01,$0.01,0
RFK Jr.,12/15/2024 12:00:00 AM,$0.01,$0.01,$0.01,$0.01,0
Haley,12/15/2024 12:00:00 AM,$0.01,$0.01,$0.01,$0.01,0
DeSantis,12/16/2024 12:00:00 AM,$0.01,$0.01,$0.01,$0.01,1
Trump,12/16/2024 12:00:00 AM,$0.98,$0.98,$0.96,$0.98,11665
Biden,12/16/2024 12:00:00 AM,$0.01,$0.01,$0.01,$0.01,1104
Harris,12/16/2024 12:00:00 AM,$0.02,$0.03,$0.01,$0.01,2617
Buttigieg,12/16/2024 12:00:00 AM,$0.01,$0.01,$0.01,$0.01,0
Newsom,12/16/2024 12:00:00 AM,$0.01,$0.01,$0.01,$0.01,878
Ramaswamy,12/16/2024 12:00:00 AM,$0.01,$0.01,$0.01,$0.01,0
Scott,12/16/2024 12:00:00 AM,$0.01,$0.01,$0.01,$0.01,0
RFK Jr.,12/16/2024 12:00:00 AM,$0.01,$0.01,$0.01,$0.01,890
Haley,12/16/2024 12:00:00 AM,$0.01,$0.01,$0.01,$0.01,868
DeSantis,12/17/2024 12:00:00 AM,$0.01,$0.01,$0.01,$0.01,0
Trump,12/17/2024 12:00:00 AM,$0.98,$0.98,$0.96,$0.97,3962
Biden,12/17/2024 12:00:00 AM,$0.01,$0.01,$0.01,$0.01,75
Harris,12/17/2024 12:00:00 AM,$0.01,$0.02,$0.01,$0.01,2217
Buttigieg,12/17/2024 12:00:00 AM,$0.01,$0.01,$0.01,$0.01,0
Newsom,12/17/2024 12:00:00 AM,$0.01,$0.01,$0.01,$0.01,0
Ramaswamy,12/17/2024 12:00:00 AM,$0.01,$0.01,$0.01,$0.01,0
Scott,12/17/2024 12:00:00 AM,$0.01,$0.01,$0.01,$0.01,0
RFK Jr.,12/17/2024 12:00:00 AM,$0.01,$0.01,$0.01,$0.01,0
Haley,12/17/2024 12:00:00 AM,$0.01,$0.01,$0.01,$0.01,0
